heading,price,model,extracted_brand,extracted_model,extracted_vram,matched_model_number,match_count,seller,canonical_url
Skjermkort/AMD Radeon 6700xt 12gb,3500,Radeon RX 6700 XT 12 GB,AMD,6700 xt,12,6700 xt,1,,https://www.finn.no/recommerce/forsale/item/376777632
GamingPoint CHARGER RGB,4399,Unknown,,,,,0,,https://www.finn.no/bap/webstore/ad.html?finnkode=374109514
MSI GTX 1080 SEAHAWK væskeavkjølt skjermkort,1600,GeForce GTX 1080 8 GB,NVIDIA,gtx 1080,,gtx 1080,1,,https://www.finn.no/recommerce/forsale/item/354559137
RTX 3080Ti 12 Gb Gigabyte Gaming OS. Skjermkort,6000,GeForce RTX 3080 Ti 12 GB,NVIDIA,rtx 3080 ti,12,rtx 3080 ti,1,,https://www.finn.no/recommerce/forsale/item/376602913
Quadro P2000 skjermkort,1200,Unknown,,,,,0,,https://www.finn.no/recommerce/forsale/item/376506528
PowerColor Radeon RX 6600 Fighter,1499,Radeon RX 6600 8 GB,AMD,rx 6600,,rx 6600,1,,https://www.finn.no/bap/webstore/ad.html?finnkode=365695264
RTX 3090 24Gb ICHILL X4 Skjermkort,7800,GeForce RTX 3090 24 GB,NVIDIA,rtx 3090,24,rtx 3090,1,,https://www.finn.no/recommerce/forsale/item/376349221
Diverse skjermkort,1500,Multi,NVIDIA,"['gtx 1080 ti', '1080 ti', '1080 ti']",11,"['gtx 1080 ti', '1080 ti', '1080 ti']",3,,https://www.finn.no/recommerce/forsale/item/376253983
XFX Radeon RX 6950 XT Speedster MERC 319 Skjermkort GPU Grafikkort,6900,Radeon RX 6950 XT 16 GB,AMD,rx 6950 xt,,rx 6950 xt,1,,https://www.finn.no/recommerce/forsale/item/371599734
MSI GeForce RTX 3050 VENTUS 2X XS 8G skjermkort,1950,GeForce RTX 3050 8 GB,NVIDIA,rtx 3050,,rtx 3050,1,,https://www.finn.no/recommerce/forsale/item/376089861
RTC Asus tuf 3070 Skjermkort,4000,GeForce RTX 3070 8 GB,NVIDIA,3070,,3070,1,,https://www.finn.no/recommerce/forsale/item/376030780
"Matrox G450 quad skjermkort for 4 skjermer, tilsalgs",1000,Unknown,,,,,0,,https://www.finn.no/recommerce/forsale/item/58351594
HP ELITEDESK 705 G3 MINI / AMD A10-8770E R7 / RADEON GRAPHICS / 8GB / 128 GB SSD,1199,Unknown,AMD,705,8,,0,,https://www.finn.no/bap/webstore/ad.html?finnkode=355081394
Lenovo NVIDIA RTX A2000  6 G Grafikkort Skjermkort GPU,2800,Unknown,NVIDIA,,,,0,,https://www.finn.no/recommerce/forsale/item/366113912
Ubrukt GeForce GTX 1080 X skjermkort,1200,GeForce GTX 1080 8 GB,NVIDIA,gtx 1080,,gtx 1080,1,,https://www.finn.no/recommerce/forsale/item/366034340
Skjermkort XFX AMD Radeon RX 6750 XT Core Gaming,4000,Radeon RX 6750 XT 12 GB,AMD,rx 6750 xt,,rx 6750 xt,1,,https://www.finn.no/recommerce/forsale/item/375263733
Samsung Radeon Rx Vega 64 8gb graphics card/ skjermkort,1900,Unknown,AMD,,8,,0,,https://www.finn.no/recommerce/forsale/item/345311634
Selger en top geforce GTX 780 Ti skjermkort med vannblokk,1400,Unknown,NVIDIA,gtx 780 ti,,,0,,https://www.finn.no/recommerce/forsale/item/218966099
RX 6700 XT Skjermkort,3250,Radeon RX 6700 XT 12 GB,AMD,rx 6700 xt,,rx 6700 xt,1,,https://www.finn.no/recommerce/forsale/item/365180872
Zotak GeForce GTX 1070 Mini 8Gb skjermkort,1000,GeForce GTX 1070 8 GB,NVIDIA,gtx 1070,8,gtx 1070,1,,https://www.finn.no/recommerce/forsale/item/362508387
Skjermkort - Sapphire Nitro+ RX570 8GB,1000,Unknown,AMD,rx 570,8,,0,,https://www.finn.no/bap/forsale/ad.html?finnkode=334872505
"Hovedkort, CPU og Skjermkort selges",1600,Unknown,,,,,0,,https://www.finn.no/bap/forsale/ad.html?finnkode=373740208
Rtx 2080super phantom skjermkort,2000,GeForce RTX 2080 SUPER 8 GB,NVIDIA,rtx 2080 super,,rtx 2080 super,1,,https://www.finn.no/bap/forsale/ad.html?finnkode=373724105
Skjermkort - Sapphire Pulse RX 580 8GB,1000,Radeon RX 580 8 GB,AMD,rx 580,8,rx 580,1,,https://www.finn.no/bap/forsale/ad.html?finnkode=328239638
Salg på palit 3070 rtx skjermkort! Salg!,4000,GeForce RTX 3070 8 GB,NVIDIA,3070,,3070,1,,https://www.finn.no/bap/forsale/ad.html?finnkode=373202202
Gainward Salg på 3070 rtx skjermkort! Salg!,4000,GeForce RTX 3070 8 GB,NVIDIA,3070,,3070,1,,https://www.finn.no/bap/forsale/ad.html?finnkode=373202118
Selger 9 stk skjermkort!,2500,Multi,AMD,"['rx 5700', '1080 ti']",,"['rx 5700', '1080 ti']",2,,https://www.finn.no/bap/forsale/ad.html?finnkode=301727097
Selger kabinett samt power supply og skjermkort. Det medfører et hovedkort.,2000,Unknown,,,,,0,,https://www.finn.no/bap/forsale/ad.html?finnkode=372850314
RX6750 Skjermkort,3500,Unknown,AMD,rx 6750,,,0,,https://www.finn.no/bap/forsale/ad.html?finnkode=355002214
GTX skjermkort,2000,Multi,NVIDIA,"['gtx 1660 super', 'rtx 3060 ti']",,"['gtx 1660 super', 'rtx 3060 ti']",2,,https://www.finn.no/bap/forsale/ad.html?finnkode=343360620
Skjermkort MSI GeForce GTX 1070 ARMOR 8G OC,1100,GeForce GTX 1070 8 GB,NVIDIA,gtx 1070,,gtx 1070,1,,https://www.finn.no/bap/forsale/ad.html?finnkode=343030548
 B250 mining hovedkort 12 skjermkort [CPU G3900 MEDFØLGER] ,3600,Unknown,,,,,0,,https://www.finn.no/bap/forsale/ad.html?finnkode=236227325
AMD RX skjermkort; 5600 XT og 6800 XT,1200,Multi,AMD,"['5600 xt', '6800 xt']",,"['5600 xt', '6800 xt']",2,,https://www.finn.no/bap/forsale/ad.html?finnkode=362401743
Skjermkort,1500,Radeon RX 5700 8 GB,AMD,rx 5700,,rx 5700,1,,https://www.finn.no/bap/forsale/ad.html?finnkode=371591158
Skjermkort GTX 1070TI 8GB,1200,GeForce GTX 1070 Ti 8 GB,NVIDIA,gtx 1070 ti,8,gtx 1070 ti,1,,https://www.finn.no/bap/forsale/ad.html?finnkode=371595804
Skjermkort Nvidia Titan X 12 GB,2200,Unknown,NVIDIA,,12,,0,,https://www.finn.no/bap/forsale/ad.html?finnkode=254206491
Skjermkort Gigabyte RTX 3070ti,5800,GeForce RTX 3070 Ti 8 GB,NVIDIA,rtx 3070 ti,,rtx 3070 ti,1,,https://www.finn.no/bap/forsale/ad.html?finnkode=349072622
Quadro P2200 skjermkort,3500,Unknown,,,,,0,,https://www.finn.no/bap/forsale/ad.html?finnkode=370254835
Skjermkort - GeForce GTX 1070,2000,GeForce GTX 1070 8 GB,NVIDIA,gtx 1070,,gtx 1070,1,,https://www.finn.no/bap/forsale/ad.html?finnkode=369908670
EVGA GEFORCE RTX 2070 Super XC Ultra Skjermkort,2750,GeForce RTX 2070 SUPER 8 GB,NVIDIA,rtx 2070 super,,rtx 2070 super,1,,https://www.finn.no/bap/forsale/ad.html?finnkode=369797821
Ati rage fury maxx agp skjermkort,2000,Unknown,,,,,0,,https://www.finn.no/bap/forsale/ad.html?finnkode=333629803
Skjermkort Nvidia RTX 3080 OEM - 10 gb,7500,GeForce RTX 3080 10 GB,NVIDIA,rtx 3080,10,rtx 3080,1,,https://www.finn.no/bap/forsale/ad.html?finnkode=369442800
2080 skjermkort,1800,GeForce RTX 2080 8 GB,NVIDIA,2080,,2080,1,,https://www.finn.no/bap/forsale/ad.html?finnkode=369063129
2400w psu. 1200w psu. 750w psu. Hovedkort. Skjermkort etc,2000,Unknown,,,,,0,,https://www.finn.no/bap/forsale/ad.html?finnkode=368419172
Viftefrie skjermkort,1180,Unknown,,,,,0,,https://www.finn.no/bap/forsale/ad.html?finnkode=350424764
Iwill 4U-BTC-8 Mining rig klar for skjermkort,4000,Unknown,,,,,0,,https://www.finn.no/bap/forsale/ad.html?finnkode=305845299
GIGABYTE GeForce RTX 3070 AORUS MASTER 8GB GRAFIKKORT,3900,GeForce RTX 3070 8 GB,NVIDIA,rtx 3070,8,rtx 3070,1,,https://www.finn.no/recommerce/forsale/item/374780709
"STRØKEN iMac 21,5 late 2013, firekjærners i5, 8 GB RAM, 1 TB disk - SPREK iMAC!",3500,Unknown,,2013,8,,0,,https://www.finn.no/recommerce/forsale/item/331444196
"iMac 27 late 2012 med splitter ny Samsung SSD, Sonoma - grom Mac!",3900,Unknown,,2012,,,0,,https://www.finn.no/bap/forsale/ad.html?finnkode=368677334
MSI GeForce rtx 2070,2000,GeForce RTX 2070 8 GB,NVIDIA,rtx 2070,,rtx 2070,1,,https://www.finn.no/recommerce/forsale/item/376488252
Amd Radeon 6950 XT,5900,Radeon RX 6950 XT 16 GB,AMD,6950 xt,,6950 xt,1,,https://www.finn.no/recommerce/forsale/item/376713885
Palit Geforce RTX 2060 GamingPRO OC,1100,Multi,NVIDIA,"['rtx 2060', 'rtx 2060']",,"['rtx 2060', 'rtx 2060']",2,,https://www.finn.no/recommerce/forsale/item/376248746
Asus GeForce ROG Strix RTX 2070 OC grafikkort 8G,2500,GeForce RTX 2070 8 GB,NVIDIA,rtx 2070,,rtx 2070,1,,https://www.finn.no/recommerce/forsale/item/375233518
Geforce 1660 ti Ghost 6gb,1100,GeForce GTX 1660 Ti 6 GB,NVIDIA,1660 ti,6,1660 ti,1,,https://www.finn.no/recommerce/forsale/item/376565572
RTX 2060 6GB •RESERVERT•,1109,GeForce RTX 2060 6 GB,NVIDIA,rtx 2060,6,rtx 2060,1,,https://www.finn.no/recommerce/forsale/item/375321896
GeForce RTX 3060 Ti VENTUS 2X OC,3500,GeForce RTX 3060 Ti 8 GB,NVIDIA,rtx 3060 ti,,rtx 3060 ti,1,,https://www.finn.no/recommerce/forsale/item/376208776
ASUS ROG Strix GeForce GTX 1080Ti OC 11GB,2250,GeForce GTX 1080 Ti 11 GB,NVIDIA,gtx 1080 ti,11,gtx 1080 ti,1,,https://www.finn.no/recommerce/forsale/item/375531879
Gigabyte Radeon RX 5700 XT Gaming OC 8GB,1500,Radeon RX 5700 XT 8 GB,AMD,rx 5700 xt,8,rx 5700 xt,1,,https://www.finn.no/recommerce/forsale/item/376193084
Gigabyte RTX 3080 10Gb Eagle OC,5000,GeForce RTX 3080 10 GB,NVIDIA,rtx 3080,10,rtx 3080,1,,https://www.finn.no/recommerce/forsale/item/374149791
Sett for Mining Rig,1500,Unknown,,,,,0,,https://www.finn.no/recommerce/forsale/item/347943865
GTX 1080 fra Asus Rog Strix - Perfekt for gamingriggen,2499,GeForce GTX 1080 8 GB,NVIDIA,gtx 1080,,gtx 1080,1,,https://www.finn.no/recommerce/forsale/item/375206544
RTX 2070 selges til rimelig pris,1950,GeForce RTX 2070 8 GB,NVIDIA,rtx 2070,,rtx 2070,1,,https://www.finn.no/recommerce/forsale/item/376352146
Asus GeForce RTX 3070 dual 8 gb 2stk,3000,GeForce RTX 3070 8 GB,NVIDIA,rtx 3070,8,rtx 3070,1,,https://www.finn.no/recommerce/forsale/item/334937343
Geforce RTX 2070 Super,2500,GeForce RTX 2070 SUPER 8 GB,NVIDIA,rtx 2070 super,,rtx 2070 super,1,,https://www.finn.no/recommerce/forsale/item/374788058
selger datamaskin for deler,1499,Unknown,,,,,0,,https://www.finn.no/recommerce/forsale/item/375144232
Asus GeForce RTX 3080 Ti TUF Gaming OC,6999,GeForce RTX 3080 Ti 12 GB,NVIDIA,rtx 3080 ti,,rtx 3080 ti,1,,https://www.finn.no/recommerce/forsale/item/375495688
AMD XFX Radeon RX 6800 QICK 319 Black,4200,Radeon RX 6800 16 GB,AMD,rx 6800,,rx 6800,1,,https://www.finn.no/recommerce/forsale/item/376814876
Sett for Mining Rig,1300,Unknown,,,,,0,,https://www.finn.no/bap/forsale/ad.html?finnkode=344344145
Asus RTX 3060 TI duo OC,3200,GeForce RTX 3060 Ti 8 GB,NVIDIA,rtx 3060 ti,,rtx 3060 ti,1,,https://www.finn.no/recommerce/forsale/item/375453263
ASUS RTX 4060 TI DUAL OC 8GB,4500,GeForce RTX 4060 Ti 8 GB,NVIDIA,rtx 4060 ti,8,rtx 4060 ti,1,,https://www.finn.no/recommerce/forsale/item/375419768
Sett for Mining Rig,1500,Unknown,,,,,0,,https://www.finn.no/bap/forsale/ad.html?finnkode=344344567
Asus strix gtx1070 8g gaming,1500,GeForce GTX 1070 8 GB,NVIDIA,gtx 1070,,gtx 1070,1,,https://www.finn.no/bap/forsale/ad.html?finnkode=373098923
Sapphire Radeon RX 5700,2300,Radeon RX 5700 8 GB,AMD,rx 5700,,rx 5700,1,,https://www.finn.no/recommerce/forsale/item/376782459
RTX 2080 ti,3250,GeForce RTX 2080 Ti 11 GB,NVIDIA,rtx 2080 ti,,rtx 2080 ti,1,,https://www.finn.no/recommerce/forsale/item/374352532
Gainward GeForce RTX 2060 SUPER Ghost 8gb,2400,GeForce RTX 2060 SUPER 8 GB,NVIDIA,rtx 2060 super,8,rtx 2060 super,1,,https://www.finn.no/recommerce/forsale/item/374632603
GeForce RTX 2060 Super 8GB,2000,GeForce RTX 2060 SUPER 8 GB,NVIDIA,rtx 2060 super,8,rtx 2060 super,1,,https://www.finn.no/recommerce/forsale/item/376792329
MSI Geforce gtx 1080ti,2000,GeForce GTX 1080 Ti 11 GB,NVIDIA,gtx 1080 ti,,gtx 1080 ti,1,,https://www.finn.no/recommerce/forsale/item/375744279
Nvidia Geforce RTX 3060 TI,3200,GeForce RTX 3060 Ti 8 GB,NVIDIA,rtx 3060 ti,,rtx 3060 ti,1,,https://www.finn.no/recommerce/forsale/item/374506297
Radeon RX 6600 - 8 GB,2700,Radeon RX 6600 8 GB,AMD,rx 6600,8,rx 6600,1,,https://www.finn.no/recommerce/forsale/item/374523080
Sett for Mining Rig,1400,Unknown,,,,,0,,https://www.finn.no/bap/forsale/ad.html?finnkode=342919998
Gtx880m 4gb og kjøleplate for asus g750 serien,1000,Unknown,NVIDIA,,4,,0,,https://www.finn.no/bap/forsale/ad.html?finnkode=237636385
RTX 3080 HP 10GB,4650,GeForce RTX 3080 10 GB,NVIDIA,rtx 3080,10,rtx 3080,1,,https://www.finn.no/recommerce/forsale/item/375377822
PNY NVIDIA RTX  A2000 6GB,2800,Unknown,NVIDIA,,6,,0,,https://www.finn.no/recommerce/forsale/item/374702676
CPU hovedkort osv selges,1500,Unknown,,,,,0,,https://www.finn.no/recommerce/forsale/item/376052489
ASUS DUAL GeForce RTX 4060 TI OC,5700,GeForce RTX 4060 Ti 8 GB,NVIDIA,rtx 4060 ti,,rtx 4060 ti,1,,https://www.finn.no/recommerce/forsale/item/375986952
Mac Pro 4.1 / 5.1,3999,Unknown,,,,,0,,https://www.finn.no/recommerce/forsale/item/344220591
KUPP!!! | Mining Rig | 8 GPU | Komplett Sett,6000,Unknown,,,,,0,,https://www.finn.no/recommerce/forsale/item/355554737
GeForce RTX 3060 Ghost,2750,GeForce RTX 3060 12 GB,NVIDIA,rtx 3060,,rtx 3060,1,,https://www.finn.no/recommerce/forsale/item/373613731
Hp Z600 workstation,2000,Unknown,,,,,0,,https://www.finn.no/recommerce/forsale/item/325177640
MSI Radeon 6600,2250,Radeon RX 6600 8 GB,AMD,6600,,6600,1,,https://www.finn.no/bap/forsale/ad.html?finnkode=370405331
Geforce RTX 3060 12G,3500,GeForce RTX 3060 12 GB,NVIDIA,rtx 3060,,rtx 3060,1,,https://www.finn.no/bap/forsale/ad.html?finnkode=369463637
DELL Precision T7400 workstation,1500,Unknown,,,,,0,,https://www.finn.no/recommerce/forsale/item/325180947
MSI RTX 3080 Suprim X,6000,GeForce RTX 3080 10 GB,NVIDIA,rtx 3080,,rtx 3080,1,,https://www.finn.no/recommerce/forsale/item/376637272
Asus ROG Strix RTX2080TI OC 11 Gaming,6500,GeForce RTX 2080 Ti 11 GB,NVIDIA,rtx 2080 ti,,rtx 2080 ti,1,,https://www.finn.no/recommerce/forsale/item/273919170
RX 6950 XT || som ny,6000,Radeon RX 6950 XT 16 GB,AMD,rx 6950 xt,,rx 6950 xt,1,,https://www.finn.no/recommerce/forsale/item/376118576
ASUS TUF GeForce RTX 4060 TI,5000,GeForce RTX 4060 Ti 8 GB,NVIDIA,rtx 4060 ti,,rtx 4060 ti,1,,https://www.finn.no/recommerce/forsale/item/376550251
Mac fra 2011,1000,Unknown,,2011,,,0,,https://www.finn.no/bap/forsale/ad.html?finnkode=369963339
GeForce RTX™ 3060 Ti GAMING OC PRO 8G (rev. 2.0),3500,GeForce RTX 3060 Ti 8 GB,NVIDIA,3060 ti,,3060 ti,1,,https://www.finn.no/bap/forsale/ad.html?finnkode=371725136
Nvidia Graffikkort RTX 2060S 8GB!,2200,GeForce RTX 2060 SUPER 8 GB,NVIDIA,rtx 2060 super,8,rtx 2060 super,1,,https://www.finn.no/recommerce/forsale/item/333070541
RTX geforce 3070 gpu! Salg!!,4000,GeForce RTX 3070 8 GB,NVIDIA,3070,,3070,1,,https://www.finn.no/bap/forsale/ad.html?finnkode=373201615
2 stk RTX 2070 Super og 1 stk RTX 2080,1900,Multi,NVIDIA,"['rtx 2070 super', 'rtx 2080']",,"['rtx 2070 super', 'rtx 2080']",2,,https://www.finn.no/recommerce/forsale/item/376184828
RTX 2070 super! Salg!,2500,GeForce RTX 2070 SUPER 8 GB,NVIDIA,rtx 2070 super,,rtx 2070 super,1,,https://www.finn.no/bap/forsale/ad.html?finnkode=373202303
ASUS Radeon RX 6650 XT Dual OC,2800,Radeon RX 6650 XT 8 GB,AMD,rx 6650 xt,,rx 6650 xt,1,,https://www.finn.no/bap/forsale/ad.html?finnkode=367667852
3060 Geforce Rtx,2900,GeForce RTX 3060 12 GB,NVIDIA,3060,,3060,1,,https://www.finn.no/bap/forsale/ad.html?finnkode=372663343
Goldshell KD6 Kadena Miner | Krypto | Mining | ASIC,5000,Unknown,,,,,0,,https://www.finn.no/recommerce/forsale/item/376534866
Innosilicon A11 Pro ETH (1500Mh),5500,Unknown,,,,,0,,https://www.finn.no/recommerce/forsale/item/376512857
"Apple iMac 21.5"" -  Late 2015 ( Mac OS Monterey )",2500,Unknown,,2015,,,0,,https://www.finn.no/recommerce/forsale/item/376217340
XFX Radeon RX590 8GB,1500,Radeon RX 590 8 GB,AMD,rx 590,8,rx 590,1,,https://www.finn.no/bap/forsale/ad.html?finnkode=295746765
"Mining rig, komplett. Ramme, HK, CPU, RAM, HDD, GPU'er, ny PSU",2700,Unknown,,,,,0,,https://www.finn.no/bap/forsale/ad.html?finnkode=341635118
Raedon 6900XT,6700,Radeon RX 6900 XT 16 GB,AMD,6900 xt,,6900 xt,1,,https://www.finn.no/bap/forsale/ad.html?finnkode=359441264
Acer Nitro N50-640 (LES BESKRIVELSE),1000,Unknown,,640,,,0,,https://www.finn.no/bap/forsale/ad.html?finnkode=372925719
ZotacGaming Geforce RTX 3060 Twin Edge 12gb,2750,GeForce RTX 3060 12 GB,NVIDIA,rtx 3060,12,rtx 3060,1,,https://www.finn.no/bap/forsale/ad.html?finnkode=360210206
Acer Nitro N50-600 Gaming,2500,Unknown,,600,,,0,,https://www.finn.no/recommerce/forsale/item/375123025
Lenovo legion t5,8000,Unknown,,,,,0,,https://www.finn.no/recommerce/forsale/item/373940998
Asus B250 Mining Expert 19 GPU hovedkort m/prosessor,6500,Unknown,,,,,0,,https://www.finn.no/bap/forsale/ad.html?finnkode=245319298
"Intel i7-7700, ASUS ROG Strix B250F Gaming, Ballistix 16GB RAM",2500,Unknown,,7700,16,,0,,https://www.finn.no/bap/forsale/ad.html?finnkode=370497980
HP ProDesk 600 G1 SFF med Windows pro versjon,1299,Unknown,,600,,,0,,https://www.finn.no/recommerce/forsale/item/197103206
ASUS GeForce RTX 2080 SUPER ROG STRIX OC - 8GB,3000,GeForce RTX 2080 SUPER 8 GB,NVIDIA,rtx 2080 super,8,rtx 2080 super,1,,https://www.finn.no/recommerce/forsale/item/374896144
ZOTAC GAMING GeForce RTX 3080 Trinity,6500,GeForce RTX 3080 10 GB,NVIDIA,rtx 3080,,rtx 3080,1,,https://www.finn.no/bap/forsale/ad.html?finnkode=343127039
Gaming Intel i5 RTX 260 6 GB,3500,Unknown,NVIDIA,rtx 260,6,,0,,https://www.finn.no/bap/forsale/ad.html?finnkode=371413666
Amd Radeon RX 6800 16GB,5000,Radeon RX 6800 16 GB,AMD,rx 6800,16,rx 6800,1,,https://www.finn.no/recommerce/forsale/item/375099773
RED DRAGON RX 6800XT 16GB GDDR6 RAM,5000,Radeon RX 6800 XT 16 GB,AMD,rx 6800 xt,16,rx 6800 xt,1,,https://www.finn.no/bap/forsale/ad.html?finnkode=341971152
Mining hovedkort,2000,GeForce RTX 3070 8 GB,NVIDIA,3070,,3070,1,,https://www.finn.no/bap/forsale/ad.html?finnkode=327603403
Hp Omen 880-109no,5000,Unknown,,880,,,0,,https://www.finn.no/recommerce/forsale/item/340984589
Selger et MSI RTX 3070 Suprim X 8G LHR grafikk-kort.,4500,GeForce RTX 3070 8 GB,NVIDIA,rtx 3070,,rtx 3070,1,,https://www.finn.no/bap/forsale/ad.html?finnkode=373612728
"3080 Suprim X 10GB LHR (Mai 2022), leveres Oslo & Vestfold",5500,GeForce RTX 3080 10 GB,NVIDIA,3080,10,3080,1,,https://www.finn.no/recommerce/forsale/item/376140562
Nvidia Geforce RTX 3070 Ti Founders Edition,6500,GeForce RTX 3070 Ti 8 GB,NVIDIA,rtx 3070 ti,,rtx 3070 ti,1,,https://www.finn.no/bap/forsale/ad.html?finnkode=372856549
RTX 2060 12GB,2200,GeForce RTX 2060 12 GB,NVIDIA,rtx 2060,12,rtx 2060,1,,https://www.finn.no/bap/forsale/ad.html?finnkode=372209649
"Grafikkort EVGA 3070 stor utgave, pent brukt!",4000,GeForce RTX 3070 8 GB,NVIDIA,3070,,3070,1,,https://www.finn.no/bap/forsale/ad.html?finnkode=373201202
RTX 3060 zotac 12gb,2990,GeForce RTX 3060 12 GB,NVIDIA,rtx 3060,12,rtx 3060,1,,https://www.finn.no/bap/forsale/ad.html?finnkode=306155637
Dell T3600 Xeon E5-1620  Quatro K4000,3000,Unknown,,1620,,,0,,https://www.finn.no/recommerce/forsale/item/330556392
HP Z420 Workstation LJ449AV selges som delemaskin,1300,Unknown,,,,,0,,https://www.finn.no/bap/forsale/ad.html?finnkode=367524340
ASUS Radeon RX 5700 XT ROG Strix OC,2000,Radeon RX 5700 XT 8 GB,AMD,rx 5700 xt,,rx 5700 xt,1,,https://www.finn.no/bap/forsale/ad.html?finnkode=356371536
Rtx 3060 Ti 8gb MSI,3500,GeForce RTX 3060 Ti 8 GB,NVIDIA,rtx 3060 ti,8,rtx 3060 ti,1,,https://www.finn.no/bap/forsale/ad.html?finnkode=370643612
Selges grunnet overgang til annen,2500,Unknown,,,,,0,,https://www.finn.no/bap/forsale/ad.html?finnkode=372489246
Fractal Design Node 202 med strømforsyning,1900,Unknown,,202,,,0,,https://www.finn.no/bap/forsale/ad.html?finnkode=371517170
"HP ProDesk 600 - i5 9gen, 32gb minne, 256GBs nvme og win11",2700,Unknown,,600,32,,0,,https://www.finn.no/recommerce/forsale/item/376572102
Old School Gamer,2700,Unknown,,,,,0,,https://www.finn.no/recommerce/forsale/item/375129972
Gaming setup,7500,Unknown,,,,,0,,https://www.finn.no/recommerce/forsale/item/376023380
"iMac 21,5"" 4K Retina",4000,Unknown,,,,,0,,https://www.finn.no/bap/forsale/ad.html?finnkode=371160726
ASUS GeForce GTX 1070 ROG Strix Gaming,1500,GeForce GTX 1070 8 GB,NVIDIA,gtx 1070,,gtx 1070,1,,https://www.finn.no/bap/forsale/ad.html?finnkode=367355584
"HP Z440 Workstation, Intel Xeon E5-1630 v3 @ 3.70GHz, 32 GB ECC, 250GB SSD",3500,Unknown,,1630,32,,0,,https://www.finn.no/recommerce/forsale/item/373965505
NVIDIA GeForce 1080 SeaHawk X,2000,GeForce GTX 1080 8 GB,NVIDIA,1080,,1080,1,,https://www.finn.no/bap/forsale/ad.html?finnkode=373835804
Sapphire RX 590 Special Edition 8GB GDDR5 Graphics Card,1150,Radeon RX 590 8 GB,AMD,rx 590,8,rx 590,1,,https://www.finn.no/bap/forsale/ad.html?finnkode=368624257
Asus ROG-STRIX-RX580-T8G-GAMING,1200,Radeon RX 580 8 GB,AMD,rx 580,,rx 580,1,,https://www.finn.no/bap/forsale/ad.html?finnkode=370138656
Msi Nightblade MI3,3000,Unknown,,,,,0,,https://www.finn.no/bap/forsale/ad.html?finnkode=371546209
SilverStone Sugo SG15,1399,Unknown,,,,,0,,https://www.finn.no/bap/forsale/ad.html?finnkode=368633429
"Mac Pro (mid 2010) og Apple Cinema 30""",3600,Unknown,,2010,,,0,,https://www.finn.no/recommerce/forsale/item/375074266
Rog Strix RX580 T8G Gaming,1200,Radeon RX 580 8 GB,AMD,rx 580,,rx 580,1,,https://www.finn.no/bap/forsale/ad.html?finnkode=371834349
PowerColor Red Dragon Radeon™ RX 570 4GB - Nytt kort,1200,Unknown,AMD,rx 570,4,,0,,https://www.finn.no/bap/forsale/ad.html?finnkode=248292079
Msi 2060 Gaming Z,2500,Multi,,"['2060', '2060']",,"['2060', '2060']",2,,https://www.finn.no/bap/forsale/ad.html?finnkode=262624107
Fujitsu Esprimo Windows11/Office2021 Nvidia 1050/Intel Q8300/8Gb RAM/360Gb SSD,1799,Unknown,NVIDIA,1050,8,,0,,https://www.finn.no/bap/forsale/ad.html?finnkode=211030768
EVGA GEFORCE GTX 1080Ti FTW edition,4500,GeForce GTX 1080 Ti 11 GB,NVIDIA,gtx 1080 ti,,gtx 1080 ti,1,,https://www.finn.no/bap/forsale/ad.html?finnkode=368491322
Asus Dual Radeon RX 7900 GRE OC,6600,Radeon RX 7900 GRE 16 GB,AMD,rx 7900,,rx 7900,1,,https://www.finn.no/bap/forsale/ad.html?finnkode=373345714
AMD radeon RX 6500 XT,1300,Radeon RX 6500 XT 4 GB,AMD,rx 6500 xt,,rx 6500 xt,1,,https://www.finn.no/bap/forsale/ad.html?finnkode=344551685
"iMac (Retina 5K, 27-inch, Late 2015) 16 GB Ram, QuadCore 4GHz i7 til salgs",8000,Unknown,,2015,16,,0,,https://www.finn.no/recommerce/forsale/item/373639380
Mining rig,2500,Unknown,,,,,0,,https://www.finn.no/recommerce/forsale/item/376018596
Miningrig uten GPU,1000,Unknown,,,,,0,,https://www.finn.no/bap/forsale/ad.html?finnkode=371240068
GAMING PAKKE SELGES!!!!,8000,Unknown,,,,,0,,https://www.finn.no/bap/forsale/ad.html?finnkode=372202786
MSI gtx 1070 8gb,1000,GeForce GTX 1070 8 GB,NVIDIA,gtx 1070,8,gtx 1070,1,,https://www.finn.no/bap/forsale/ad.html?finnkode=374042153
Diverse Data deler,4000,GeForce GTX 1060 6 GB,NVIDIA,gtx 1060,6,gtx 1060,1,,https://www.finn.no/bap/forsale/ad.html?finnkode=368072114
"InWin GRone Full Tower Svart RGB  i5 7400 3,0GHz, 16GB, 128GB SSD, 1TB",3800,Unknown,,7400,16,,0,,https://www.finn.no/recommerce/forsale/item/375629474
"Lenovo V520S, Intel i5-7400, DDR4-8gb, SSD M2-128Gb, HDD-1Tb, Wi-Fi, Win 10 Pro",1800,Unknown,,7400,8,,0,,https://www.finn.no/bap/forsale/ad.html?finnkode=361959373
MSI Radon R9 380 Gaming 4gb,2390,Unknown,,380,4,,0,,https://www.finn.no/bap/forsale/ad.html?finnkode=298403201
NZXT Gaming datamaskin,4500,Unknown,,,,,0,,https://www.finn.no/bap/forsale/ad.html?finnkode=360236019
NVIDIA GeForce RTX 2070 MSI Armor 8GB,2499,GeForce RTX 2070 8 GB,NVIDIA,rtx 2070,8,rtx 2070,1,,https://www.finn.no/bap/forsale/ad.html?finnkode=329969572
"Retro Hp, Win98, Pentium 3, Nvidia tnt 2 +++",2300,Unknown,NVIDIA,,,,0,,https://www.finn.no/recommerce/forsale/item/375337808
"Mac Pro 5,1 (mid 2010), 2 x 3,46Ghz CPU, 64GB RAM, 1TB SSD, 6TB backupdisk",5000,Unknown,,2010,64,,0,,https://www.finn.no/recommerce/forsale/item/375239619
HP Pavillion // 1650 SUPER // i5-11400 // 512gb SSD + 1TB HDD,5899,Unknown,,1650 super,512,,0,,https://www.finn.no/recommerce/forsale/item/376753897
Baby AT-kabinett m/ Socket 7 hovedkort,1500,Unknown,,,,,0,,https://www.finn.no/bap/forsale/ad.html?finnkode=370145166
HP ProDesk,2000,Unknown,,,,,0,,https://www.finn.no/bap/forsale/ad.html?finnkode=368963933
Pent Acer Nitro Gaming oppsett selges rimelig,5500,Unknown,,,,,0,,https://www.finn.no/recommerce/forsale/item/376420377
GeForce GTX 1070 Quick Silver 8G OC,1400,GeForce GTX 1070 8 GB,NVIDIA,gtx 1070,,gtx 1070,1,,https://www.finn.no/bap/forsale/ad.html?finnkode=370424423
Nvidia PNY Quadro P5000 16GB,7500,Unknown,NVIDIA,,16,,0,,https://www.finn.no/bap/forsale/ad.html?finnkode=268511754
"ASUS TUF SABERTOOTH X58, i7 960, 12GB Kingston DDR3",1200,Unknown,,960,12,,0,,https://www.finn.no/bap/forsale/ad.html?finnkode=370342064
Hp z4 G4 Server/workstation i9-7900x,8000,Unknown,,,,,0,,https://www.finn.no/bap/forsale/ad.html?finnkode=362483988
"Intel i9-10900X Prosessor, LGA2066",4500,Unknown,,,,,0,,https://www.finn.no/bap/forsale/ad.html?finnkode=370581149
Intel i9-10900X Prosessor LGA2066 (Uåpnet),5000,Unknown,,,,,0,,https://www.finn.no/bap/forsale/ad.html?finnkode=370581148
Datamaskin sett,6500,Unknown,,,,,0,,https://www.finn.no/bap/forsale/ad.html?finnkode=358981520
"MASSE datautstyr og deler - RAM, CPUer, GPUer, gamingtastatur, headset, mus++++",1990,Unknown,,,,,0,,https://www.finn.no/bap/forsale/ad.html?finnkode=333825410
Ekstern GPU m thunderbolt,1599,Multi,NVIDIA,"['1080 ti', '1080 ti']",,"['1080 ti', '1080 ti']",2,,https://www.finn.no/bap/forsale/ad.html?finnkode=351376977
RX 6950 XT || Med kvittering!,6250,Radeon RX 6950 XT 16 GB,AMD,rx 6950 xt,,rx 6950 xt,1,,https://www.finn.no/recommerce/forsale/item/374981509
"Lenovo ThinkCentre med I5-8500T, 16Gb RAM, 256Gb NVME",3900,Unknown,,,16,,0,,https://www.finn.no/bap/forsale/ad.html?finnkode=369276174
"Brukt Gaming maskin i3-7100 3.9Ghz, 8 GB RAM, 2x 256 GB SSD uten lisens",2999,GeForce GTX 1060 6 GB,NVIDIA,gtx 1060,6,gtx 1060,1,,https://www.finn.no/bap/forsale/ad.html?finnkode=341981334
Selvbygd datamaskin,2700,Unknown,,,,,0,,https://www.finn.no/recommerce/forsale/item/320903793
"Mac Pro 4.1 (5,1)",3500,Unknown,,,,,0,,https://www.finn.no/bap/forsale/ad.html?finnkode=222436251
Lenovo IdeaCentre Type 90DD - oppgradert ram og lagring,3700,Unknown,,,,,0,,https://www.finn.no/bap/forsale/ad.html?finnkode=317169899
"STRØKEN iMac 21,5 late 2013, Sonoma - SPREK iMAC! NY REDUSERT PRIS!",3200,Unknown,,2013,,,0,,https://www.finn.no/bap/forsale/ad.html?finnkode=359960969
"Nytt 4090 TUF OC, 6900xt,3060ti/70ti,  3070,PNY3070, turbo 3070, Zotac 3070ti",3250,Multi,,"['6900 xt', '3060 ti', '3070', '3070', '3070 ti', '4090']",,"['6900 xt', '3060 ti', '3070', '3070', '3070 ti', '4090']",6,,https://www.finn.no/bap/forsale/ad.html?finnkode=368437409
ASUS TUF Gaming GeForce RTX™ 3070,3900,GeForce RTX 3070 8 GB,NVIDIA,3070,,3070,1,,https://www.finn.no/recommerce/forsale/item/376565651
Retro Gaming: Asus 7900 GTX King Kong Limited Edition,1500,Radeon RX 7900 GRE 16 GB,NVIDIA,7900,,7900,1,,https://www.finn.no/bap/forsale/ad.html?finnkode=359598161
"Mac Pro 5.1 (ssd, 40Gb RAM, 6/12 3.46GHz, gtx 680 og Radeon HD 7970",6000,Unknown,NVIDIA,gtx 680,40,,0,,https://www.finn.no/bap/forsale/ad.html?finnkode=371187039
"Komplett Battlebox Ultimate GeForce GTX 1080Ti 11GB , Core i7-8700K, 32GB",7990,GeForce GTX 1080 Ti 11 GB,NVIDIA,gtx 1080 ti,11,gtx 1080 ti,1,,https://www.finn.no/recommerce/forsale/item/376163907
MineBox 8 Large 70mm miner server box/case,6500,Unknown,,,,,0,,https://www.finn.no/bap/forsale/ad.html?finnkode=306212269
IBM Aptiva P233mhz med 3dfx Voodoo 1,3000,Unknown,,,,,0,,https://www.finn.no/bap/forsale/ad.html?finnkode=371075547
ASUS ROG Strix B550-E GAMING Hovedkort,2275,Unknown,,,,,0,,https://www.finn.no/bap/forsale/ad.html?finnkode=374156380
"Asus 27"" 4K gamingskjerm ROG Strix XG27UQ",5500,Radeon RX 5700 8 GB,NVIDIA,rx 5700,,rx 5700,1,,https://www.finn.no/bap/forsale/ad.html?finnkode=372724808
6U NAS Kabinett med SAS backplane - Passer i 60cm rack!,6000,GeForce GTX 1080 Ti 11 GB,NVIDIA,1080 ti,,1080 ti,1,,https://www.finn.no/bap/forsale/ad.html?finnkode=367447424
BELKIN Thunderbolt 3 Dock Plus,1400,Unknown,,,,,0,,https://www.finn.no/recommerce/forsale/item/374978883
Komplett Gamer - 144Hz Edition,8000,Unknown,,,,,0,,https://www.finn.no/bap/forsale/ad.html?finnkode=368798902
iMac 27 late 2012 med Sonoma - klar for 2024! Perfekt studentmaskin!,2500,Unknown,,2012,,,0,,https://www.finn.no/recommerce/forsale/item/354839565
"iMac 21,5 mid 2011, SSD og Sonoma OS installert - rask maskin!",2900,Unknown,,2011,,,0,,https://www.finn.no/bap/forsale/ad.html?finnkode=359945325
